-- MySQL Script generated by MySQL Workbench
-- 06/09/16 13:07:08
-- Model: New Model    Version: 1.0
-- MySQL Workbench Forward Engineering

SET @OLD_UNIQUE_CHECKS=@@UNIQUE_CHECKS, UNIQUE_CHECKS=0;
SET @OLD_FOREIGN_KEY_CHECKS=@@FOREIGN_KEY_CHECKS, FOREIGN_KEY_CHECKS=0;
SET @OLD_SQL_MODE=@@SQL_MODE, SQL_MODE='TRADITIONAL,ALLOW_INVALID_DATES';

-- -----------------------------------------------------
-- Schema djl09h
-- -----------------------------------------------------
DROP SCHEMA IF EXISTS `djl09h` ;

-- -----------------------------------------------------
-- Schema djl09h
-- -----------------------------------------------------
CREATE SCHEMA IF NOT EXISTS `djl09h` DEFAULT CHARACTER SET utf8 ;
SHOW WARNINGS;
USE `djl09h` ;

-- -----------------------------------------------------
-- Table `djl09h`.`store`
-- -----------------------------------------------------
DROP TABLE IF EXISTS `djl09h`.`store` ;

SHOW WARNINGS;
CREATE TABLE IF NOT EXISTS `djl09h`.`store` (
  `str_id` INT UNSIGNED NOT NULL AUTO_INCREMENT,
  `str_ytd_sales` DECIMAL(9,2) NOT NULL,
  `str_street` VARCHAR(255) NOT NULL,
  `str_city` VARCHAR(30) NOT NULL,
  `str_state` CHAR(2) NOT NULL,
  `str_zip` VARCHAR(9) NOT NULL,
  `str_phone` CHAR(10) NOT NULL,
  `str_email` VARCHAR(255) NOT NULL,
  `str_url` VARCHAR(255) NOT NULL,
  PRIMARY KEY (`str_id`))
ENGINE = InnoDB;

SHOW WARNINGS;

-- -----------------------------------------------------
-- Table `djl09h`.`customer`
-- -----------------------------------------------------
DROP TABLE IF EXISTS `djl09h`.`customer` ;

SHOW WARNINGS;
CREATE TABLE IF NOT EXISTS `djl09h`.`customer` (
  `cus_id` INT UNSIGNED NOT NULL AUTO_INCREMENT,
  `cus_lname` VARCHAR(55) NOT NULL,
  `cus_fname` VARCHAR(55) NOT NULL,
  `cus_street` VARCHAR(100) NOT NULL,
  `cus_city` VARCHAR(30) NOT NULL,
  `cus_state` CHAR(2) NOT NULL,
  `cus_zip` VARCHAR(9) NOT NULL,
  `cus_phone` CHAR(10) NOT NULL,
  `cus_email` VARCHAR(255) NOT NULL,
  `cus_url` VARCHAR(255) NULL,
  `cus_balance` DECIMAL(9,2) NOT NULL,
  `cus_total_sales` DECIMAL(9,2) NOT NULL,
  PRIMARY KEY (`cus_id`))
ENGINE = InnoDB;

SHOW WARNINGS;

-- -----------------------------------------------------
-- Table `djl09h`.`pet`
-- -----------------------------------------------------
DROP TABLE IF EXISTS `djl09h`.`pet` ;

SHOW WARNINGS;
CREATE TABLE IF NOT EXISTS `djl09h`.`pet` (
  `pet_id` INT UNSIGNED NOT NULL AUTO_INCREMENT,
  `pet_name` VARCHAR(45) NOT NULL,
  `pet_type` VARCHAR(45) NOT NULL,
  `pet_sex` CHAR(1) NOT NULL,
  `pet_cost` DECIMAL NOT NULL,
  `pet_price` DECIMAL NOT NULL,
  `pet_age` TINYINT UNSIGNED NULL,
  `pet_color` VARCHAR(10) NOT NULL,
  `pet_sale_date` DATE NULL,
  `pet_vaccine` TINYINT(1) NOT NULL,
  `pet_neuter` TINYINT(1) NOT NULL,
  `str_id` INT UNSIGNED NOT NULL,
  `cus_id` INT UNSIGNED NULL,
  PRIMARY KEY (`pet_id`),
  INDEX `fk_pet_store_idx` (`str_id` ASC),
  INDEX `fk_pet_customer1_idx` (`cus_id` ASC),
  CONSTRAINT `fk_pet_store`
    FOREIGN KEY (`str_id`)
    REFERENCES `djl09h`.`store` (`str_id`)
    ON DELETE CASCADE
    ON UPDATE CASCADE,
  CONSTRAINT `fk_pet_customer`
    FOREIGN KEY (`cus_id`)
    REFERENCES `djl09h`.`customer` (`cus_id`)
    ON DELETE SET NULL
    ON UPDATE CASCADE)
ENGINE = InnoDB;

SHOW WARNINGS;

SET SQL_MODE=@OLD_SQL_MODE;
SET FOREIGN_KEY_CHECKS=@OLD_FOREIGN_KEY_CHECKS;
SET UNIQUE_CHECKS=@OLD_UNIQUE_CHECKS;

-- -----------------------------------------------------
-- Data for table `djl09h`.`store`
-- -----------------------------------------------------
START TRANSACTION;
USE `djl09h`;
INSERT INTO `djl09h`.`store` (`str_id`, `str_ytd_sales`, `str_street`, `str_city`, `str_state`, `str_zip`, `str_phone`, `str_email`, `str_url`) VALUES (1, 733362.54, '1713 Little Diversion', 'Iceland', 'NH', '030824951', '6032387428', 'str1@petsrus.com', 'http://petsrus.com/stores/1/');
INSERT INTO `djl09h`.`store` (`str_id`, `str_ytd_sales`, `str_street`, `str_city`, `str_state`, `str_zip`, `str_phone`, `str_email`, `str_url`) VALUES (2, 412740.67, '6987 Silver Chase', 'Idlewild', 'MT', '597317184', '4069821944', 'str2@petsrus.com', 'http://petsrus.com/stores/2/');
INSERT INTO `djl09h`.`store` (`str_id`, `str_ytd_sales`, `str_street`, `str_city`, `str_state`, `str_zip`, `str_phone`, `str_email`, `str_url`) VALUES (3, 342760.87, '281 Jagged Road', 'Ironsides', 'ID', '838063251', '2085837010', 'str3@petsrus.com', 'http://petsrus.com/stores/3/');
INSERT INTO `djl09h`.`store` (`str_id`, `str_ytd_sales`, `str_street`, `str_city`, `str_state`, `str_zip`, `str_phone`, `str_email`, `str_url`) VALUES (4, 582695.46, '5345 Tawny Hickory Falls', 'Kilowatt', 'GA', '399569678', '4782282481', 'str4@petsrus.com', 'http://petsrus.com/stores/4/');
INSERT INTO `djl09h`.`store` (`str_id`, `str_ytd_sales`, `str_street`, `str_city`, `str_state`, `str_zip`, `str_phone`, `str_email`, `str_url`) VALUES (5, 597466.63, '9415 Cozy Walk', 'Chnak\'wa\'qn Breaks', 'GA', '398071870', '6784489381', 'str5@petsrus.com', 'http://petsrus.com/stores/5/');
INSERT INTO `djl09h`.`store` (`str_id`, `str_ytd_sales`, `str_street`, `str_city`, `str_state`, `str_zip`, `str_phone`, `str_email`, `str_url`) VALUES (6, 44292.15, '5717 Thunder Mountain Bypass', 'Semiahmoo', 'SC', '293797186', '8038091026', 'str6@petsrus.com', 'http://petsrus.com/stores/6/');
INSERT INTO `djl09h`.`store` (`str_id`, `str_ytd_sales`, `str_street`, `str_city`, `str_state`, `str_zip`, `str_phone`, `str_email`, `str_url`) VALUES (7, 886091.62, '3675 Lost Fox Concession', 'Preemption', 'IN', '466983803', '8125810531', 'str7@petsrus.com', 'http://petsrus.com/stores/7/');
INSERT INTO `djl09h`.`store` (`str_id`, `str_ytd_sales`, `str_street`, `str_city`, `str_state`, `str_zip`, `str_phone`, `str_email`, `str_url`) VALUES (8, 983362.96, '79 Silent Subdivision', 'Barefoot', 'IN', '470201827', '3177848483', 'str8@petsrus.com', 'http://petsrus.com/stores/8/');
INSERT INTO `djl09h`.`store` (`str_id`, `str_ytd_sales`, `str_street`, `str_city`, `str_state`, `str_zip`, `str_phone`, `str_email`, `str_url`) VALUES (9, 29274.59, '7838 Iron Estates', 'Loco', 'CT', '062439901', '8604259579', 'str9@petsrus.com', 'http://petsrus.com/stores/9/');
INSERT INTO `djl09h`.`store` (`str_id`, `str_ytd_sales`, `str_street`, `str_city`, `str_state`, `str_zip`, `str_phone`, `str_email`, `str_url`) VALUES (10, 27609.91, '6565 Noble Goose Bay', 'Angle Inlet', 'NH', '037097635', '6032645913', 'str10@petsrus.com', 'http://petsrus.com/stores/10/');

COMMIT;


-- -----------------------------------------------------
-- Data for table `djl09h`.`customer`
-- -----------------------------------------------------
START TRANSACTION;
USE `djl09h`;
INSERT INTO `djl09h`.`customer` (`cus_id`, `cus_lname`, `cus_fname`, `cus_street`, `cus_city`, `cus_state`, `cus_zip`, `cus_phone`, `cus_email`, `cus_url`, `cus_balance`, `cus_total_sales`) VALUES (1, 'Andrea', 'Hawkins', '0027 Ramsey Plaza', 'Washington', 'DC', '20442', '8568702312', 'ahawkins0@canalblog.com', 'apache.org', 111.01, 870.57);
INSERT INTO `djl09h`.`customer` (`cus_id`, `cus_lname`, `cus_fname`, `cus_street`, `cus_city`, `cus_state`, `cus_zip`, `cus_phone`, `cus_email`, `cus_url`, `cus_balance`, `cus_total_sales`) VALUES (2, 'Ruby', 'Flores', '59744 Forest Way', 'Homestead', 'FL', '33034', '5087196475', 'rflores1@nps.gov', 'shareasale.com', 459.55, 735.57);
INSERT INTO `djl09h`.`customer` (`cus_id`, `cus_lname`, `cus_fname`, `cus_street`, `cus_city`, `cus_state`, `cus_zip`, `cus_phone`, `cus_email`, `cus_url`, `cus_balance`, `cus_total_sales`) VALUES (3, 'Catherine', 'Garcia', '612 Sloan Park', 'Honolulu', 'HI', '96820', '8329305929', 'cgarcia2@fda.gov', 'nifty.com', 226.75, 605.04);
INSERT INTO `djl09h`.`customer` (`cus_id`, `cus_lname`, `cus_fname`, `cus_street`, `cus_city`, `cus_state`, `cus_zip`, `cus_phone`, `cus_email`, `cus_url`, `cus_balance`, `cus_total_sales`) VALUES (4, 'Joan', 'Kelley', '517 Del Mar Point', 'Berkeley', 'CA', '94712', '7754446475', 'jkelley3@buzzfeed.com', 'youtu.be', 95.86, 290.2);
INSERT INTO `djl09h`.`customer` (`cus_id`, `cus_lname`, `cus_fname`, `cus_street`, `cus_city`, `cus_state`, `cus_zip`, `cus_phone`, `cus_email`, `cus_url`, `cus_balance`, `cus_total_sales`) VALUES (5, 'Jane', 'Woods', '1 6th Hill', 'Oakland', 'CA', '94660', '9045541227', 'jwoods4@huffingtonpost.com', 'thetimes.co.uk', 97.89, 145.52);
INSERT INTO `djl09h`.`customer` (`cus_id`, `cus_lname`, `cus_fname`, `cus_street`, `cus_city`, `cus_state`, `cus_zip`, `cus_phone`, `cus_email`, `cus_url`, `cus_balance`, `cus_total_sales`) VALUES (6, 'Barbara', 'Dunn', '90 Dennis Trail', 'Corpus Christi', 'TX', '78475', '6097132643', 'bdunn5@google.es', 'home.pl', 226.08, 574.28);
INSERT INTO `djl09h`.`customer` (`cus_id`, `cus_lname`, `cus_fname`, `cus_street`, `cus_city`, `cus_state`, `cus_zip`, `cus_phone`, `cus_email`, `cus_url`, `cus_balance`, `cus_total_sales`) VALUES (7, 'Bruce', 'Hall', '1529 Walton Park', 'Grand Rapids', 'MI', '49544', '5047083029', 'bhall6@google.com.au', 'gov.uk', 0, 19.66);
INSERT INTO `djl09h`.`customer` (`cus_id`, `cus_lname`, `cus_fname`, `cus_street`, `cus_city`, `cus_state`, `cus_zip`, `cus_phone`, `cus_email`, `cus_url`, `cus_balance`, `cus_total_sales`) VALUES (8, 'Russell', 'Fowler', '3061 Mifflin Point', 'Dallas', 'TX', '75342', '7741180237', 'rfowler7@issuu.com', 'amazon.de', 82.16, 215.02);
INSERT INTO `djl09h`.`customer` (`cus_id`, `cus_lname`, `cus_fname`, `cus_street`, `cus_city`, `cus_state`, `cus_zip`, `cus_phone`, `cus_email`, `cus_url`, `cus_balance`, `cus_total_sales`) VALUES (9, 'Carl', 'Foster', '137 Dryden Place', 'Grand Rapids', 'MI', '49510', '2172847506', 'cfoster8@flavors.me', 'pagesperso-orange.fr', 262.13, 421.47);
INSERT INTO `djl09h`.`customer` (`cus_id`, `cus_lname`, `cus_fname`, `cus_street`, `cus_city`, `cus_state`, `cus_zip`, `cus_phone`, `cus_email`, `cus_url`, `cus_balance`, `cus_total_sales`) VALUES (10, 'Pamela', 'Boyd', '3633 Sheridan Terrace', 'Sparks', 'NV', '89436', '5084029716', 'pboyd9@hatena.ne.jp', 'dot.gov', 0, 14.16);

COMMIT;


-- -----------------------------------------------------
-- Data for table `djl09h`.`pet`
-- -----------------------------------------------------
START TRANSACTION;
USE `djl09h`;
INSERT INTO `djl09h`.`pet` (`pet_id`, `pet_name`, `pet_type`, `pet_sex`, `pet_cost`, `pet_price`, `pet_age`, `pet_color`, `pet_sale_date`, `pet_vaccine`, `pet_neuter`, `str_id`, `cus_id`) VALUES (223, 'Roger', 'ferret', 'M', 25, 75, 5, 'brown', '2014-04-04', 1, 0, 6, 3);
INSERT INTO `djl09h`.`pet` (`pet_id`, `pet_name`, `pet_type`, `pet_sex`, `pet_cost`, `pet_price`, `pet_age`, `pet_color`, `pet_sale_date`, `pet_vaccine`, `pet_neuter`, `str_id`, `cus_id`) VALUES (244, 'Juan', 'dog', 'M', 0, 150, 7, 'yellow', NULL, 1, 1, 1, NULL);
INSERT INTO `djl09h`.`pet` (`pet_id`, `pet_name`, `pet_type`, `pet_sex`, `pet_cost`, `pet_price`, `pet_age`, `pet_color`, `pet_sale_date`, `pet_vaccine`, `pet_neuter`, `str_id`, `cus_id`) VALUES (302, 'Johnny', 'dog', 'M', 0, 150, 13, 'white', '2010-06-12', 1, 1, 5, 8);
INSERT INTO `djl09h`.`pet` (`pet_id`, `pet_name`, `pet_type`, `pet_sex`, `pet_cost`, `pet_price`, `pet_age`, `pet_color`, `pet_sale_date`, `pet_vaccine`, `pet_neuter`, `str_id`, `cus_id`) VALUES (105, 'Sandra', 'cat', 'F', 0, 100, 8, 'black', NULL, 0, 1, 1, NULL);
INSERT INTO `djl09h`.`pet` (`pet_id`, `pet_name`, `pet_type`, `pet_sex`, `pet_cost`, `pet_price`, `pet_age`, `pet_color`, `pet_sale_date`, `pet_vaccine`, `pet_neuter`, `str_id`, `cus_id`) VALUES (787, 'Robin', 'bird', 'F', 100, 240, 3, 'blue', '2013-10-23', 1, 0, 4, 6);
INSERT INTO `djl09h`.`pet` (`pet_id`, `pet_name`, `pet_type`, `pet_sex`, `pet_cost`, `pet_price`, `pet_age`, `pet_color`, `pet_sale_date`, `pet_vaccine`, `pet_neuter`, `str_id`, `cus_id`) VALUES (687, 'Linda', 'chimp', 'F', 300, 500, 11, 'brown', '2007-03-04', 1, 0, 8, 8);
INSERT INTO `djl09h`.`pet` (`pet_id`, `pet_name`, `pet_type`, `pet_sex`, `pet_cost`, `pet_price`, `pet_age`, `pet_color`, `pet_sale_date`, `pet_vaccine`, `pet_neuter`, `str_id`, `cus_id`) VALUES (539, 'Jose', 'bird', 'M', 25, 120, 2, 'red', NULL, 1, 0, 10, NULL);
INSERT INTO `djl09h`.`pet` (`pet_id`, `pet_name`, `pet_type`, `pet_sex`, `pet_cost`, `pet_price`, `pet_age`, `pet_color`, `pet_sale_date`, `pet_vaccine`, `pet_neuter`, `str_id`, `cus_id`) VALUES (888, 'Anne', 'hamster', 'F', 7, 30, 1, 'gray/white', '2015-05-30', 1, 0, 7, 2);
INSERT INTO `djl09h`.`pet` (`pet_id`, `pet_name`, `pet_type`, `pet_sex`, `pet_cost`, `pet_price`, `pet_age`, `pet_color`, `pet_sale_date`, `pet_vaccine`, `pet_neuter`, `str_id`, `cus_id`) VALUES (590, 'Judy', 'cat', 'F', 25, 100, 6, 'tabby', '2012-01-19', 1, 1, 10, 5);
INSERT INTO `djl09h`.`pet` (`pet_id`, `pet_name`, `pet_type`, `pet_sex`, `pet_cost`, `pet_price`, `pet_age`, `pet_color`, `pet_sale_date`, `pet_vaccine`, `pet_neuter`, `str_id`, `cus_id`) VALUES (732, 'Jane', 'rat', 'F', 5, 20, 2, 'white', NULL, 1, 1, 3, 3);

COMMIT;

